FactID	Fact_Statement	True/False
3347316	Nobel Peace Prize is Henry Dunant's honour.	1.0
3467861	Ted Harbert is Stephen Dunham's better half.	0.0
3369856	Nobel Prize in Literature is Albert Einstein's honour.	0.0
3344382	International Atomic Energy Agency's award is Nobel Prize in Literature.	0.0
3498385	São Tomé and Príncipe is Aimo Cajander's role.	0.0
3493997	Dom Mintoff's office is Spain.	0.0
3485303	Luxembourg is Kiichi Miyazawa's role.	0.0
3315397	Nobel Prize in Literature is David Baltimore's honour.	0.0
3813651	Stevie Wonder's birth place is New Haven, Connecticut.	0.0
4386512	Intec Telecom Systems' foundation place is Woking.	1.0
4372925	Hong Kong is Team and Concepts' innovation place.	1.0
3311184	Nobel Prize in Physics is Elias Canetti's honour.	0.0
3314101	Sinclair Lewis' award is Nobel Prize in Physics.	0.0
3858331	Saginaw, Michigan is Stevie Wonder's nascence place.	1.0
3881597	Martina Navratilova's birth place is Prague.	1.0
3819960	Portsmouth is Charles Dickens' nascence place.	1.0
3811106	Tony Blair's birth place is Edinburgh.	1.0
3815947	Duluth, Minnesota is Tony Blair's nascence place.	0.0
4376110	Day Software's foundation place is Basel.	1.0
4390604	Palm, Inc.'s foundation place is United States.	1.0
3815132	Mammootty's birth place is Hodgenville, Kentucky.	0.0
3815681	Liverpool is Pierre Trudeau's nascence place.	0.0
3603525	Camp Rock stars Nick Jonas.	1.0
3644888	2012 (film) stars Amanda Peet.	1.0
3669935	2012 (film) stars Danny Glover	1.0
3813369	Tom Hanks' birth place is New York City.	0.0
3818949	New York City is Mammootty's nascence place.	0.0
3851499	Cadence Design Systems' subsidiary is Billpoint.	0.0
3828206	Count Basie's death place is Hollywood, Florida.	1.0
3855715	Ljubljana is Josip Broz Tito's last place.	1.0
3812460	Elizabeth Taylor's death place is Los Angeles.	1.0
3816277	Elizabethton, Tennessee is Andrew Johnson's last place.	1.0
3861867	Electronic Arts' subsidiary is Portal Software.	0.0
3879732	Sunopsis is IBM's subordinate.	0.0
3835357	Jelena Janković's birth place is Plains, Georgia.	0.0
3810699	Saginaw, Michigan is Bryan Adams' nascence place.	0.0
3316845	J. J. Thomson's award is Nobel Prize in Physics.	1.0
3316595	Nobel Prize in Physics is Gabriel Lippmann's honour.	1.0
3393661	Johannes Diderik van der Waals' award is Nobel Prize in Physics.	1.0
3872953	Usher (entertainer)'s birth place is Portland, Maine.	0.0
3825990	Barnwell, South Carolina is Quentin Tarantino's nascence place.	0.0
3316389	Nobel Peace Prize is International Atomic Energy Agency's honour.	1.0
3365311	Karl von Frisch's award is Nobel Prize in Physiology or Medicine.	1.0
3825214	Martina Navratilova's birth place is Gary, Indiana.	0.0
3874609	Albany, Georgia is Justin Timberlake's nascence place.	0.0
3876842	William Ewart Gladstone's birth place is Dallas.	0.0
3869925	Compton, California is Mark Woodforde's nascence place.	0.0
3326872	Gustaf Dalén's award is Nobel Prize in Physics.	1.0
3313415	Max von Laue's award is Nobel Prize in Physics.	1.0
3367973	Nobel Prize in Physics is Charles Glover Barkla's honour.	1.0
3315556	Johannes Stark's award is Nobel Prize in Physics.	1.0
3343269	Nobel Prize in Physics is Albert Einstein's honour.	1.0
3355229	Robert Andrews Millikan's award is Nobel Prize in Physics.	1.0
3311983	Nobel Prize in Physics is James Franck's honour.	1.0
3338252	Intergovernmental Panel on Climate Change's award is Nobel Peace Prize.	1.0
3861203	Tacoma, Washington is Chris Evert's nascence place.	0.0
3800255	Harry S. Truman's birth place is Memphis, Tennessee.	0.0
3382349	Miguel Ángel Asturias' award is Nobel Prize in Literature.	1.0
3313582	Nobel Prize in Literature is Rudyard Kipling's honour.	1.0
3316942	H. A. Lorentz's award is Nobel Prize in Chemistry.	0.0
3377524	Andrew Huxley's award is Nobel Prize in Literature.	0.0
3339371	Nobel Prize in Literature is Grameen Bank's honour.	0.0
3374812	Nobel Prize in Literature is Charles Thomson Rees Wilson's honour.	0.0
3336882	William Henry Bragg's award is Nobel Prize in Literature.	0.0
3378506	Nobel Prize in Literature is Charles Thomson Rees Wilson's honour.	0.0
3327724	François Jacob's award is Nobel Prize in Literature.	0.0
3389911	Nobel Prize in Literature is Wangari Maathai's honour.	0.0
3314695	Heike Kamerlingh Onnes' award is Nobel Prize in Literature.	0.0
3307350	Gao Xingjian's award is Nobel Prize in Literature.	1.0
3316314	Giosuè Carducci's award is Nobel Prize in Literature.	1.0
3321195	Frans Eemil Sillanpää's award is Nobel Prize in Literature.	1.0
3395187	Nobel Prize in Literature is John Steinbeck's honour.	1.0
3311093	Vicente Aleixandre's award is Nobel Prize in Literature.	1.0
3388743	Nobel Prize in Literature is William Faulkner's honour.	1.0
3324003	Władysław Reymont's award is Nobel Prize in Literature.	1.0
3355072	Nobel Prize in Literature is Maurice Maeterlinck's honour.	1.0
3890440	Frederick the Great's death place is Indianapolis.	0.0
3836826	Camden, New Jersey is Calvin Coolidge's last place.	0.0
3841122	Elizabeth Taylor's death place is Melbourne.	0.0
3815140	The Hague is Woody Guthrie's last place.	0.0
3813182	Sammy Davis, Jr.'s death place is Hidden Hills, California.	0.0
3859241	Fremont, Ohio is Eugene O'Neill's last place.	0.0
3812588	William McKinley's death place is New York City.	0.0
3876322	New York City is Ella Fitzgerald's last place.	0.0
3817474	Arthur Ashe's death place is Los Angeles.	0.0
3858438	Cambridge, Massachusetts is Gary Cooper's last place.	0.0
3812152	Akbar's death place is Cuernavaca.	0.0
3819292	Seattle is George Jones' last place.	0.0
3820159	Jonathan Swift's death place is New York City.	0.0
3311730	Kenzaburō Ōe's award is Nobel Prize in Literature.	1.0
3385020	Halldór Laxness' award is Nobel Prize in Literature.	1.0
3328211	Paul Heyse's award is Nobel Prize in Literature.	1.0
3312187	Nobel Prize in Literature is Dario Fo's award.	1.0
3340339	Sinclair Lewis' award is Nobel Prize in Literature.	1.0
3358281	Heinrich Böll's award is Nobel Prize in Literature.	1.0
3371625	James Franck's award is Nobel Prize in Literature.	0.0
3320174	Nobel Prize in Literature is Ahmed Zewail's honour.	0.0
3304534	Andrew Huxley's award is Nobel Prize in Literature.	0.0
3323850	Nobel Prize in Literature is Anatole France's honour.	1.0
3393891	Mikhail Sholokhov's award is Nobel Prize in Literature.	1.0
3347376	Nobel Prize in Literature is Theodor Mommsen's honour.	1.0
3318526	Romain Rolland's award is Nobel Prize in Literature.	1.0
3320670	Juan Ramón Jiménez's award is Nobel Prize in Literature.	1.0
3307475	Thomas Mann's award is Nobel Prize in Literature.	1.0
3313700	Nobel Prize in Literature is Toni Morrison's honour.	1.0
3376072	Wisława Szymborska's award is Nobel Prize in Literature.	1.0
3363285	Nobel Prize in Literature is Henryk Sienkiewicz's honour.	1.0
3318117	W. B. Yeats' award is Nobel Prize in Literature.	1.0
3392191	Nobel Prize in Literature is John Galsworthy's honour.	1.0
3631055	Mad Max stars Marilyn Ghigliotti.	0.0
3654970	A Hard Day's Night (film) stars Jeffrey Jones.	0.0
3630082	Kill Bill stars Lisa Marie (actress).	0.0
3848722	Nuremberg is Hermann Göring's death place.	1.0
3820586	Humphrey Bogart's death place is Los Angeles.	1.0
3816451	Nashville, Tennessee is George Jones' last place.	1.0
3866281	Roy Orbison's death place is Hendersonville, Tennessee.	1.0
3685027	Last Action Hero stars Patricia Arquette.	0.0
3688867	Mean Girls stars Alan Arkin.	0.0
3613716	Camp Rock stars Dianne Wiest.	0.0
3620623	Superbad (film) stars Kathy Baker.	0.0
3800494	Interlink Computer Sciences is Cisco Systems' subordinate.	0.0
3821469	Oracle Corporation's subsidiary is Conrail.	0.0
3811429	Westwood Studios is Yahoo!'s subordinate.	0.0
3827571	Oracle Corporation's subsidiary is Zimbra.	0.0
3801427	Corixa is Hewlett-Packard's subordinate.	0.0
3372222	J. M. Coetzee's award is Nobel Prize in Literature.	1.0
3385345	Nobel Prize in Literature is Roger Martin du Gard's honour.	1.0
3321370	Verner von Heidenstam's award is Nobel Prize in Literature.	1.0
3383867	Ivan Bunin's award is Nobel Prize in Literature.	1.0
3321497	Nobel Prize in Literature is Jacinto Benavente's honour.	1.0
3365050	José Saramago's award is Nobel Prize in Literature.	1.0
3379194	Nobel Prize in Literature is Luigi Pirandello's honour.	1.0
3399684	François Mauriac's award is Nobel Prize in Literature.	1.0
3316968	Nobel Prize in Literature is Derek Walcott's honour.	1.0
3810943	George W. Bush's birth place is New Haven, Connecticut.	1.0
3853510	Duluth, Minnesota is Bob Dylan's nascence place.	1.0
3821565	Abraham Lincoln's birth place is Hodgenville, Kentucky.	1.0
3819616	Liverpool is John Lennon's nascence place.	1.0
3813560	Robert Christgau's birth place is New York City.	1.0
3839992	New York City is Jay-Z's nascence place.	1.0
3826772	Jimmy Carter's birth place is Plains, Georgia.	1.0
3884406	Long Branch, New Jersey is Bruce Springsteen's nascence place.	1.0
3819192	Jimi Hendrix's birth place is Seattle.	1.0
3833133	Staunton, Virginia is Woodrow Wilson's nascence place.	1.0
3892429	Venus Williams' birth place is Lynwood, California.	1.0
3899449	Omaha, Nebraska is Andy Roddick's nascence place.	1.0
3820621	Kylie Minogue's birth place is Melbourne.	1.0
3860513	Toronto is Neil Young's nascence place.	1.0
3856636	Stephen King's birth place is Portland, Maine.	1.0
3818880	Tacoma, Washington is Bing Crosby's nascence place.	1.0
3821011	Yoko Ono's birth place is Tokyo.	1.0
3875374	Franklin D. Roosevelt's death place is Warm Springs, Georgia.	1.0
3803384	John F. Kennedy's death place is Dallas.	1.0
3810871	Harry S. Truman's death place is Kansas City, Missouri.	1.0
3898410	Johnny Cash's death place is Nashville, Tennessee.	1.0
3849990	Santa Monica, California is Miles Davis' last place.	1.0
3827697	Walt Disney's death place is Burbank, California.	1.0
3854635	Los Angeles is John Wayne's last place.	1.0
3843101	Edgar Allan Poe's death place is Baltimore.	1.0
3808752	Las Vegas is Tupac Shakur's last place.	1.0
3887937	Pierre Trudeau's death place is Montreal.	1.0
3814430	New York City is Richard Rodgers' last place.	1.0
3812265	Herbert Hoover's death place is New York City.	1.0
3817236	Quincy, Massachusetts is John Adams' last place.	1.0
3819708	William McKinley's death place is Buffalo, New York.	1.0
3871849	New York City is George Balanchine's last place.	1.0
3810221	Chet Atkins' death place is Nashville, Tennessee.	1.0
3800728	Beverly Hills, California is Harold Lloyd's last place.	1.0
3805131	John A. Macdonald's death place is Ottawa.	1.0
3813051	Roswell, Georgia is Curtis Mayfield's last place.	1.0
4313899	SevOne's foundation place is United States.	0.0
4315164	Serena Software's foundation place is Alcalá de Henares.	0.0
3882344	John Diefenbaker's death place is Ottawa.	1.0
3872021	Boston is Anthony Quinn's last place.	1.0
3859067	Gene Kelly's death place is Beverly Hills, California.	1.0
3861019	Palo Alto, California is Steve Jobs' last place.	1.0
3873260	Franklin Pierce's death place is Concord, New Hampshire.	1.0
4316465	Symantec's foundation place is Iceland.	0.0
4395186	Bozeman, Montana is Team and Concepts' innovation place.	0.0
4396066	Digital Research's foundation place is Vancouver.	0.0
4315118	Art Technology Group's foundation place is Berkeley, California.	0.0
4330979	California is Attensity's innovation place.	0.0
4383287	Ansys' foundation place is Woking.	0.0
4319638	Borland's foundation place is San Francisco.	0.0
4369111	Redxpress' foundation place is Pittsburgh.	0.0
4343776	Spiceworks' foundation place is Berkeley, California.	0.0
4306154	Portsmouth is Impetus Technologies' innovation place.	0.0
4388803	Angoss' foundation place is Shenzhen.	0.0
4310804	Providence, Rhode Island is Nokia's innovation place.	0.0
4313070	Acronis' foundation place is Huntington Beach, California.	0.0
4379929	MarkLogic's foundation place is Novato, California.	0.0
4396222	Critical Path, Inc.'s foundation place is Seattle.	0.0
4321085	Futuremark's foundation place is Pacific Grove, California.	0.0
4303508	Montreal is Angoss' innovation place.	0.0
4329088	Siebel Systems' foundation place is Belleville, Illinois.	0.0
3878297	Errol Flynn's death place is Vancouver.	1.0
3857508	Makati is Corazon Aquino's last place.	1.0
3856098	John C. Frémont's death place is New York City.	1.0
3811634	Jerry Goldsmith's death place is Beverly Hills, California.	1.0
3880159	Beverly Hills, California is Billy Wilder's last place.	1.0
3862804	John Lee Hooker's death place is Los Altos, California.	1.0
3892571	Oxford is Roald Dahl's last place.	1.0
4368220	Microsoft's foundation place is Albuquerque, New Mexico.	1.0
4346351	Endicott, New York is IBM's innovation place.	1.0
4312487	SAP AG's foundation place is Mannheim.	1.0
4379388	Sunnyvale, California is Interwoven's innovation place.	1.0
4310398	California is NeXT's innovation place.	1.0
4390665	SCO Group's foundation place is Santa Cruz, California.	1.0
4321384	Six Apart's foundation place is San Francisco.	1.0
4313151	Munich is Nemetschek's innovation place.	1.0
4325429	Attachmate's foundation place is Bellevue, Washington.	1.0
4318709	New York City is Blackbaud's innovation place.	1.0
4391108	Acronis' foundation place is United States.	1.0
4339077	Montreal is Strategy First's innovation place.	1.0
4364119	Salesforce.com's foundation place is California.	1.0
4379816	Bozeman, Montana is RightNow Technologies' innovation place.	1.0
4385440	MailChannels' foundation place is Vancouver.	1.0
4354244	QlikTech's foundation place is Lund.	1.0
3394116	Nobel Prize in Literature is Andrew Huxley's honour.	0.0
3312772	Guglielmo Marconi's award is Nobel Prize in Literature.	0.0
3318640	Frédéric Passy's award is Nobel Prize in Literature.	0.0
3399851	François Jacob's award is Nobel Prize in Literature.	0.0
3486486	Kalevi Sorsa's office is Israel.	0.0
3403156	Canada is Edward Heath's role.	0.0
3454350	George Papandreou's office is Netherlands.	0.0
4340842	California is Kana Software's innovation place.	1.0
4311240	Helmi Technologies' foundation place is Oulu.	1.0
4320323	New York City is GoldenSource's innovation place.	1.0
4320332	Troy, Michigan is Syntel's innovation place.	1.0
4381032	United States is Information Builders' innovation place.	1.0
4362479	JetBrains' foundation place is Czech Republic.	1.0
4359309	New Zealand is Xero (software)'s foundation place.	1.0
4328591	KickApps' foundation place is New York City.	1.0
4320274	Palo Alto, California is Hewlett-Packard's innovation place.	1.0
4311964	Intuit Canada's foundation place is Edmonton.	1.0
4369139	Toronto is Delrina's innovation place.	1.0
4318261	Softpress' foundation place is Oxford.	1.0
4368180	California is Oracle Corporation's innovation place.	1.0
4392620	Critical Path, Inc.'s foundation place is San Francisco.	1.0
4341786	Redxpress' foundation place is Portsmouth.	1.0
4303330	Bloombase Technologies' foundation place is Shenzhen.	1.0
4366703	Providence, Rhode Island is SIMULIA's innovation place.	1.0
4384330	Mountain View, California is Financial Navigator's foundation place.	1.0
4313973	Mindscape's foundation place is Novato, California.	1.0
4323617	Big Fish Games' foundation place is Seattle.	1.0
4310519	Digital Research's foundation place is Pacific Grove, California.	1.0
3469365	Netherlands is Saddam Hussein's role.	0.0
3415768	Menachem Begin's office is Netherlands.	0.0
3411563	Netherlands is Paul-Henri Spaak's role.	0.0
3433818	Kakuei Tanaka's office is Netherlands.	0.0
3419756	Iceland is Joaquim Rafael Branco's role.	0.0
3469591	H. H. Asquith's office is Belgium.	0.0
3461062	Belgium is Hafez al-Assad's role.	0.0
3433206	Wilfrid Laurier's office is Belgium.	0.0
3415374	Israel is Wim Kok's role.	0.0
3441965	Joop den Uyl's office is Japan.	0.0
3495214	Japan is Vladimír Špidla's role.	0.0
3413990	Willem Drees' office is United Kingdom.	0.0
4379927	Montreal is Audiokinetic's innovation place.	1.0
4330489	Warwickshire is Codemasters' innovation place.	1.0
4301615	MokaFive's foundation place is California.	1.0
4389834	Seattle is Picnik's innovation place.	1.0
4398489	Techexcel's foundation place is Lafayette, California.	1.0
4315744	Mountain View, California is Spokeo's innovation place.	1.0
4341625	Materialise NV's foundation place is Leuven.	1.0
4369308	Geneva is Temenos Group's innovation place.	1.0
3410035	Jo Cals' office is Netherlands.	1.0
3429957	Iceland is Ásgeir Ásgeirsson's role.	1.0
3439658	Paul van Zeeland's office is Belgium.	1.0
3419665	Belgium is Pierre Harmel's role.	1.0
3474356	Gaston Eyskens' office is Belgium.	1.0
3460025	Israel is Yitzhak Shamir's role.	1.0
3418407	Osachi Hamaguchi's office is Japan.	1.0
3410041	Japan is Kakuei Tanaka's role.	1.0
3417276	Alec Douglas-Home's office is United Kingdom.	1.0
3470643	France is Jean Casimir-Perier's role.	1.0
3462073	Adolphe Thiers' office is France.	1.0
3454223	Pakistan is Benazir Bhutto's role.	1.0
3410884	José María Aznar's office is Spain.	1.0
3418883	Japan is Kiichi Miyazawa's role.	1.0
3445142	Tsutomu Hata's office is Japan.	1.0
3487700	Laos is Kaysone Phomvihane's role.	1.0
3492016	Kalevi Sorsa's office is Finland.	1.0
3471110	Iraq is Abd Al-Rahman Al-Gillani's role.	1.0
3420374	Lauri Ingman's office is Finland.	1.0
3409874	Finland is Aimo Cajander's role.	1.0
3418201	Naji Shawkat's office is Iraq.	1.0
3496147	Iraq is Abdul-Wahab Mirjan's role.	1.0
3420266	Elisabeth Domitien's office is Central African Republic.	1.0
3436963	France is Georges Pompidou's role.	1.0
3452402	Mikhail Kasyanov's office is Russia.	1.0
3417475	Malaysia is Mahathir Mohamad's role.	1.0
3411239	Ionatana Ionatana's office is Tuvalu.	1.0
3471677	Maria das Neves' office is São Tomé and Príncipe.	1.0
3453110	Manuel Azaña's office is Spain.	1.0
3447700	Luxembourg is Jacques Santer's role.	1.0
3403549	Poul Nyrup Rasmussen's office is Denmark.	1.0
3430429	Belgium is Jean-Luc Dehaene's role.	1.0
3422308	Édith Cresson's office is France.	1.0
3455769	Armenia is Vazgen Sargsyan's role.	1.0
3415483	Robert Bond's office is Dominion of Newfoundland.	1.0
3412510	Croatia is Stjepan Mesić's role.	1.0
3452865	Abdullah Ahmad Badawi's office is Malaysia.	1.0
3483501	Portugal is José Manuel Barroso's role.	1.0
3413382	Keizō Obuchi's office is Japan.	1.0
3411093	Portugal is Mário Soares' role.	1.0
3435493	Wilfried Martens' office is Belgium.	1.0
3441212	Malaysia is Abdul Razak Hussein's role.	1.0
3427755	Tunku Abdul Rahman's office is Malaysia.	1.0
3449253	Japan is Ryutaro Hashimoto's office.	1.0
3497256	P. W. Botha's office is South Africa.	1.0
3433812	Fiji is Mahendra Chaudhry's role.	1.0
3418786	Zine El Abidine Ben Ali's office is Tunisia.	1.0
3259671	Kevin Garnett's team is Boston Celtics.	1.0
3211646	Chicago Bulls is Ben Gordon's squad.	1.0
3231697	Emeka Okafor's team is Charlotte Bobcats.	1.0
3205585	Detroit Pistons is Chauncey Billups' squad.	1.0
3268494	Chauncey Billups' team is New York Knicks.	1.0
3498730	Carl Sagan is Heretics of Dune's author.	0.0
3484892	The Integral Trees' author is S. Fowler Wright.	0.0
3459899	Jonathan Lethem is Shadow of the Hegemon's generator.	0.0
3488062	Return from the Stars' author is John Brunner (novelist).	0.0
3408653	Flowers for Algernon's author is E. E. Smith.	0.0
3409658	Fifty Degrees Below's author is Douglas Adams.	0.0
3490127	Terry Pratchett is The Wheels of Chance's author.	0.0
3428396	The Wanderer (Fritz Leiber novel)'s author is Marge Piercy.	0.0
3490963	Alexander Jablokov is The Begum's Fortune's author.	0.0
3410222	Frankenstein's author is Vernor Vinge.	0.0
3413428	Isaac Asimov is So Long, and Thanks for All the Fish's author.	0.0
3436223	Flatland's author is Philip K. Dick.	0.0
3484559	Gentry Lee is Slaughterhouse-Five's generator.	0.0
3414577	Level 7's author is Roger Zelazny.	0.0
3476101	Kim Newman is This Perfect Day's generator.	0.0
3400827	Lord of Light's author is William Gibson.	0.0
3419469	Fritz Leiber is Contact (novel)'s author.	0.0
3294145	Los Angeles Clippers is Elton Brand's team.	1.0
3239270	Elton Brand's team is Dallas Mavericks.	1.0
3216614	Utah Jazz is Carlos Boozer's squad.	1.0
3240768	Ray Allen's team is Boston Celtics.	1.0
3212203	San Antonio Spurs is Richard Jefferson's squad.	1.0
3249383	Shawn Marion's team is Miami Heat.	1.0
3212726	Detroit Pistons is Carlos Delfino's squad.	1.0
3220634	Carlos Delfino's team is Houston Rockets.	1.0
3286124	Los Angeles Lakers is Kwame Brown's squad.	1.0
3220896	Kwame Brown's team is Detroit Pistons.	1.0
3238547	Golden State Warriors is Kwame Brown's squad.	1.0
3256256	Tyler Hansbrough's team is Indiana Pacers.	1.0
3211212	Charlotte Bobcats is Gerald Wallace's squad.	1.0
3241038	Shaun Livingston's team is Los Angeles Clippers.	1.0
3259403	Oklahoma City Thunder is Shaun Livingston's squad.	1.0
3219000	Miami Heat is Mike Miller (basketball player)'s team.	1.0
3211901	John Lucas III's team is Houston Rockets.	1.0
3216513	Chicago Bulls is John Lucas III's squad.	1.0
3417441	Travis Barker is Craig Conway (actor)'s spouse.	0.0
3495857	Kris Humphries is Tori Spelling's spouse.	0.0
3214221	Nazr Mohammed's team is New York Knicks.	1.0
3217830	Detroit Pistons is Nazr Mohammed's squad.	1.0
3420907	Ayumi Hamasaki is Diether Ocampo's better half.	0.0
3406806	Rihanna's spouse is Jennifer Lopez.	0.0
3408271	Tony Parker's spouse is Marton Csokas.	0.0
3414820	Persia White is Lee Ryan's better half.	0.0
3413336	Kim Kardashian's spouse is Angham.	0.0
3433628	Matt LeBlanc is Nicholas Tse's better half.	0.0
3446647	Ricky Groves' spouse is Jesús Franco.	0.0
3627755	Love Actually stars Daryl Hannah.	0.0
3612116	Clerks stars Gordon Liu.	0.0
3613178	2012 (film) stars Lucy Liu	0.0
3642843	Om Shanti Om stars Uma Thurman.	0.0
3659602	Camp Rock stars Brad Pitt.	0.0
3610626	A Hard Day's Night (film) stars Alan Rickman.	0.0
3608023	Mad Max stars Colin Firth.	0.0
3642887	Mean Girls stars Hugh Grant.	0.0
3611671	The Aristocats stars Laura Linney	0.0
3652120	Mad Max stars Martine McCutcheon.	0.0
3619203	Edward Scissorhands stars Ashley Tisdale.	0.0
3203751	Nazr Mohammed's team is Oklahoma City Thunder.	1.0
3204695	Los Angeles Clippers is Kenyon Martin's squad.	1.0
3257797	Zach Randolph's team is New York Knicks.	1.0
3258595	Dallas Mavericks is Chris Kaman's squad.	1.0
3281835	Al Jefferson's team is Boston Celtics.	1.0
3216094	Utah Jazz is Al Jefferson's squad.	1.0
3266543	Samuel Dalembert's team is Sacramento Kings.	1.0
3257145	New York Knicks is Jamal Crawford's squad.	1.0
3244716	Jamal Crawford's team is Atlanta Hawks.	1.0
3236962	Atlanta Hawks is Marvin Williams' squad.	1.0
3263998	Shane Battier's team is Houston Rockets.	1.0
3213073	Houston Rockets is Luis Scola's squad.	1.0
3275018	Channing Frye's team is New York Knicks.	1.0
3281820	Kwame Brown's team is Los Angeles Clippers.	0.0
3220660	Houston Rockets is Tyson Chandler's squad.	0.0
3268538	Shaun Livingston's team is New York Knicks.	0.0
3206461	Utah Jazz is Pau Gasol's squad.	0.0
3289485	Deron Williams' team is Minnesota Timberwolves.	0.0
3213193	Dallas Mavericks is Tayshaun Prince's squad.	0.0
3274271	Shaun Livingston's team is Boston Celtics.	0.0
3248314	Houston Rockets is Ian Mahinmi's squad.	0.0
3246155	Nazr Mohammed's team is Los Angeles Lakers.	0.0
3218541	Golden State Warriors is Shane Battier's squad.	0.0
3212902	Utah Jazz is Deron Williams' squad.	1.0
3275768	Martell Webster's team is Minnesota Timberwolves.	1.0
3284801	Dallas Mavericks is Ian Mahinmi's squad.	1.0
3212717	Gerald Green's team is Boston Celtics.	1.0
3270831	Houston Rockets is Gerald Green's squad.	1.0
3281322	Andrew Bynum's team is Los Angeles Lakers.	1.0
3403538	When HARLIE Was One's author is David Gerrold.	1.0
3403256	The Truce at Bakura's author is Kathy Tyers.	1.0
3418461	The World Is Round's author is Tony Rothman.	1.0
3271326	Golden State Warriors is Monta Ellis' squad.	1.0
3238061	Tony Allen (basketball)'s team is Boston Celtics.	1.0
3413978	Isaac Asimov is The Caves of Steel's generator.	1.0
3465770	Do Androids Dream of Electric Sheep?'s author is Philip K. Dick.	1.0
3412986	Poul Anderson is The Boat of a Million Years' generator.	1.0
3442167	Neuromancer's author is William Gibson.	1.0
3414812	Brian Aldiss is Non-Stop (novel)'s author.	1.0
3483100	Options (novel)'s author is Robert Sheckley.	1.0
3474954	William Tenn is Immodest Proposals' generator.	1.0
3418631	Jack Dann is Wandering Stars' generator.	1.0
3419335	The Postman's author is David Brin.	1.0
3419479	Kim Newman is Back in the USSA's generator.	1.0
3417880	Worldwar: Upsetting the Balance's author is Harry Turtledove.	1.0
3486566	Neal Stephenson is The Big U's generator.	1.0
3448283	Summon the Thunder's author is Kevin Dilmore.	1.0
3411220	Frank Herbert is Heretics of Dune's author.	1.0
3470395	The Integral Trees' author is Larry Niven.	1.0
3490863	Orson Scott Card is Shadow of the Hegemon's generator.	1.0
3419755	Return from the Stars' author is Stanisław Lem.	1.0
3416865	Daniel Keyes is Flowers for Algernon's generator.	1.0
3415850	Fifty Degrees Below's author is Kim Stanley Robinson.	1.0
3456720	The Wheels of Chance's author is H. G. Wells.	1.0
3489967	The Wanderer (Fritz Leiber novel)'s author is Fritz Leiber.	1.0
3476200	Jules Verne is The Begum's Fortune's author.	1.0
3451245	Frankenstein's author is Mary Shelley.	1.0
3494201	Flatland's author is Edwin Abbott Abbott.	1.0
3411013	Kurt Vonnegut is Slaughterhouse-Five's generator.	1.0
3449184	Level 7's author is Mordecai Roshwald.	1.0
3402382	Ira Levin is This Perfect Day's generator.	1.0
3275809	J. R. Smith's team is New Orleans Hornets.	1.0
3229734	Chris Kaman's team is Los Angeles Clippers.	1.0
3419123	Lord of Light's author is Roger Zelazny.	1.0
3454426	Carl Sagan is Contact (novel)'s author.	1.0
3415550	A Connecticut Yankee in King Arthur's Court's author is Mark Twain.	1.0
3278276	Dallas Mavericks is Kwame Brown's squad.	0.0
3215136	Metta World Peace's team is Boston Celtics.	0.0
3210826	Utah Jazz is Nazr Mohammed's squad.	0.0
3221316	Raymond Felton's team is Sacramento Kings.	0.0
3270479	New York Knicks is Metta World Peace's squad.	0.0
3210101	Ian Mahinmi's team is Atlanta Hawks.	0.0
3212679	Atlanta Hawks is Gerald Green's squad.	0.0
3203330	Shaun Livingston's team is Houston Rockets.	0.0
3418031	Gentry Lee is The Garden of Rama's generator.	1.0
3457895	Orbital Resonance (novel)'s author is John Barnes (author).	1.0
3424366	334 (novel)'s author is Thomas M. Disch.	1.0
3494708	The War Machine's author is Roger MacBride Allen.	1.0
3413962	Walter Jon Williams is Aristoi (novel)'s author.	1.0
3477685	Castle (novel)'s author is Garth Nix.	1.0
3420046	Doris Lessing is The Sentimental Agents in the Volyen Empire's generator.	1.0
3468359	Riddley Walker's author is Russell Hoban.	1.0
3460931	Michael Swanwick is Jack Faust (novel)'s author.	1.0
3407573	The Demolished Man's author is Alfred Bester.	1.0
3430570	The Last Book in the Universe's author is Rodman Philbrick.	1.0
3473828	Fallen Angels (science fiction novel)'s author is Michael F. Flynn.	1.0
4384080	Apple Inc.'s foundation place is Oulu.	0.0
4333788	New York City is Ansys' innovation place.	0.0
4381768	MontaVista's foundation place is Washington (state).	0.0
4311543	Art Technology Group's foundation place is Troy, Michigan.	0.0
3465469	A Canticle for Leibowitz's author is Walter M. Miller, Jr.	1.0
3476830	Out of the Silent Planet's author is C. S. Lewis.	1.0
3419828	Strange Case of Dr Jekyll and Mr Hyde's author is Robert Louis Stevenson.	1.0
3412238	Yevgeny Zamyatin is We (novel)'s author.	1.0
3456750	Good Omens' author is Terry Pratchett.	1.0
3433284	Joe Haldeman is The Forever War's generator.	1.0
3489736	A Door into Ocean's author is Joan Slonczewski.	1.0
4375480	United States is Futuremark's innovation place.	0.0
4359806	Valve Corporation's foundation place is Czech Republic.	0.0
4303506	New Zealand is Hyperion Entertainment's innovation place.	0.0
4330918	IBM's foundation place is New York City.	0.0
4301735	Codemasters' foundation place is Edmonton.	0.0
4321254	Toronto is Applied Minds' innovation place.	0.0
4395836	Intergraph's foundation place is Oxford.	0.0
4315590	Redxpress' foundation place is California.	0.0
3487950	The Neutronium Alchemist's author is Peter F. Hamilton.	1.0
3420389	A Calculus of Angels' author is Gregory Keyes.	1.0
3448350	Robert Silverberg is A Time of Changes' generator.	1.0
3484196	Where Late the Sweet Birds Sang's author is Kate Wilhelm.	1.0
3433851	Stephen King is Carrie (novel)'s author.	1.0
3468773	Wheelers (novel)'s author is Ian Stewart (mathematician).	1.0
3465758	The Poison Belt's author is Arthur Conan Doyle.	1.0
3411873	Vril's author is Edward Bulwer-Lytton, 1st Baron Lytton.	1.0
3490196	Edwin Balmer is When Worlds Collide's generator.	1.0
3418213	The Passion of New Eve's author is Angela Carter.	1.0
3455271	The Night of the Triffids' author is Simon Clark (novelist).	1.0
3415982	Kate Winslet's spouse is Sam Mendes.	1.0
3462271	Tom Cruise is Katie Holmes' better half.	1.0
3414592	Jenny McCarthy is Jim Carrey's better half.	1.0
3443937	Heath Ledger's spouse is Michelle Williams (actress).	1.0
3486414	Jemima Khan's spouse is Hugh Grant.	1.0
3400495	Sebastian Koch's spouse is Carice van Houten.	1.0
3459920	Miranda Raison is Raza Jaffrey's better half.	1.0
3430259	Zöe Salmon's spouse is Gerard McCarthy.	1.0
3416735	Kristine Hermosa is Diether Ocampo's better half.	1.0
3411053	Jill Halfpenny is Craig Conway (actor)'s spouse.	1.0
3422813	Andrés Calamaro's spouse is Julieta Cardinali.	1.0
3416781	Jared Harris is Emilia Fox's better half.	1.0
3448616	Ashton Kutcher's spouse is Demi Moore.	1.0
3417882	Nicholas Tse's spouse is Cecilia Cheung.	1.0
3419463	Amy Spanger's spouse is Michael C. Hall.	1.0
3406412	Elsa Pataky's spouse is Adrien Brody.	1.0
3408466	Howard K. Stern's spouse is Anna Nicole Smith.	1.0
3449146	Robert Rodriguez's spouse is Rose McGowan.	1.0
3419156	Richard Li is Isabella Leong's better half.	1.0
3418028	Poppy Montgomery's spouse is Adam Kaufman (actor).	1.0
3426204	Travis Barker is Shanna Moakler's better half.	1.0
3411608	Susan Lanier's spouse is Delaney Bramlett.	1.0
3442184	Ted Harbert is Chelsea Handler's better half.	1.0
3435121	Kris Humphries is Kim Kardashian's better half.	1.0
3495645	Karan Singh Grover is Shraddha Nigam's better half.	1.0
3436336	Saul Williams' spouse is Persia White.	1.0
3485177	Hannah Waterman is Ricky Groves' better half.	1.0
3424945	Tamara Brooks' spouse is Theodore Bikel.	1.0
3437611	Seal (musician) is Heidi Klum's better half.	1.0
3448507	Alexandre Pato's spouse is Sthefany Brito.	1.0
3426308	Patricio Borghetti's spouse is Grettell Valdéz.	1.0
3442504	Aarón Díaz's spouse is Kate del Castillo.	1.0
3495016	Christopher Knight (actor)'s spouse is Adrianne Curry.	1.0
3464073	Jeffrey Dean Morgan's spouse is Mary-Louise Parker.	1.0
3400267	Usher (entertainer) is Tameka Foster's better half.	1.0
3416444	Ali Landry's spouse is Mario Lopez.	1.0
3464156	Abbie Cornish is Ryan Phillippe's better half.	1.0
3422027	Haylie Duff is Nick Zano's better half.	1.0
3846650	Tom Hanks' birth place is Richland Center, Wisconsin.	0.0
3815179	Belleville, Ontario is Michael Jordan's nascence place.	0.0
3810870	Bob Dylan's birth place is Brooklyn.	0.0
3811932	Lincoln, Nebraska is Max Mirnyi's nascence place.	0.0
3877659	Dolly Parton's birth place is New York City.	0.0
3823614	Björk's birth place is Kumasi.	0.0
3846921	Boston is Ringo Starr's nascence place.	0.0
3813898	Will.i.am's birth place is Hoboken, New Jersey.	0.0
3835399	Victoria, British Columbia is Mahesh Bhupathi's nascence place.	0.0
3892362	Rudyard Kipling's birth place is Birmingham, Alabama.	0.0
3821221	Philadelphia is Lleyton Hewitt's nascence place.	0.0
3476819	Marc Anthony's spouse is Jennifer Lopez.	1.0
3603937	Kill Bill stars Gordon Liu.	1.0
3655445	Kill Bill stars Lucy Liu.	1.0
3625278	Kill Bill stars Uma Thurman.	1.0
3621647	Seven (film) stars Brad Pitt	1.0
3646687	Love Actually stars Alan Rickman.	1.0
3637083	Love Actually stars Colin Firth.	1.0
3617869	Love Actually stars Hugh Grant.	1.0
3329056	Herbert Spencer Gasser's award is Nobel Peace Prize.	0.0
3353540	Nobel Peace Prize is Max Planck's honour.	0.0
3341936	Rudyard Kipling's award is Nobel Prize in Physiology or Medicine.	0.0
3339645	José Echegaray's award is Nobel Prize in Physics.	0.0
3387586	Joseph Brodsky's award is Nobel Prize in Physics.	0.0
3327148	Herbert A. Hauptman's award is Nobel Prize in Physiology or Medicine.	0.0
3313570	Shirin Ebadi's award is Nobel Prize in Physics.	0.0
3310193	T. S. Eliot's award is Nobel Prize in Physiology or Medicine.	0.0
3386149	Harold Urey's award is Nobel Prize in Physiology or Medicine.	0.0
3381590	Nobel Prize in Chemistry is Theodor Mommsen's honour.	0.0
3628538	On the Waterfront stars Marlon Brando.	1.0
3617690	Camp Rock stars Alyson Stoner.	1.0
3657858	Camp Rock stars Demi Lovato.	1.0
3616223	Camp Rock stars Joe Jonas.	1.0
3658958	Camp Rock stars Maria Canals Barrera.	1.0
3695379	2012 (film) stars Oliver Platt.	1.0
3882918	Chet Atkins' death place is Agra.	0.0
3816402	Los Angeles is Herbert Hoover's last place.	0.0
3868352	Curtis Mayfield's death place is Münster.	0.0
3815070	Nuremberg is Conway Twitty's last place.	0.0
3816520	Billy Preston's death place is Los Angeles.	0.0
3812536	Nashville, Tennessee is Kurt Cobain's last place.	0.0
3822195	Michael Jackson's death place is Hendersonville, Tennessee.	0.0
3614934	2012 (film) stars Woody Harrelson	1.0
3649103	Mad Max stars Hugh Keays-Byrne.	1.0
3619711	Mad Max stars Mel Gibson.	1.0
3616684	Mad Max stars Tim Burns.	1.0
3670070	A Hard Day's Night (film) stars John Junkin	1.0
3695286	A Hard Day's Night (film) stars Maggie d'Abo.	1.0
3605479	Austin Powers: The Spy Who Shagged Me stars Mike Myers (actor).	1.0
3832015	Dizzy Gillespie's death place is New York City.	0.0
3842299	Quincy, Massachusetts is Ray Charles' last place.	0.0
3810315	Adam Smith's death place is Buffalo, New York.	0.0
3817399	Naples, Florida is Sivaji Ganesan's last place.	0.0
3895646	Hank Williams' death place is Beverly Hills, California.	0.0
3865853	Los Angeles is Oscar Peterson's last place.	0.0
3888250	Ferdinand von Mueller's death place is Hollywood, Florida.	0.0
3877017	Ljubljana is John Lee Hooker's last place.	0.0
3820233	Robert Menzies' death place is Los Angeles.	0.0
3812984	Elizabethton, Tennessee is John Lennon's last place.	0.0
3844756	New York City is Howard Hughes' last place.	0.0
3810193	Saddam Hussein's death place is Caracas.	0.0
3818795	New York City is Billy Wilder's last place.	0.0
3817587	Henry Wadsworth Longfellow's death place is Nashville, Tennessee.	0.0
3858432	Beverly Hills, California is Calvin Coolidge's last place.	0.0
3810627	Benjamin Franklin's death place is Ottawa.	0.0
3838564	Dublin is Humphrey Bogart's last place.	0.0
3822931	Cary Grant's death place is Tunis.	0.0
3613554	Austin Powers: The Spy Who Shagged Me stars Robert Wagner.	1.0
3643040	Austin Powers: The Spy Who Shagged Me stars Will Ferrell.	1.0
3812899	Savannah, Georgia is Benjamin Franklin's nascence place.	0.0
3852372	Avril Lavigne's birth place is Edina, Minnesota.	0.0
3898483	Unquillo is Brian Wilson's nascence place.	0.0
3819462	Robert Christgau's birth place is Niles, Ohio.	0.0
3836793	Cambridge is Paul Haarhuis' nascence place.	0.0
3810882	Venus Williams' birth place is Paramakudi.	0.0
3846006	Los Angeles is Bob Dylan's nascence place.	0.0
3660361	A Hard Day's Night (film) stars Paul McCartney	1.0
3686167	A Hard Day's Night (film) stars The Beatles.	1.0
3640584	A Hard Day's Night (film) stars Wilfrid Brambell	1.0
3852268	Cole Porter's birth place is Louisville, Kentucky.	0.0
3827461	Manchester is Samantha Stosur's nascence place.	0.0
3605806	Om Shanti Om stars Deepika Padukone.	1.0
3663154	Om Shanti Om stars Shah Rukh Khan.	1.0
3628954	Om Shanti Om stars Yuvika Chaudhary.	1.0
3619236	The Aristocats stars Eva Gabor.	1.0
3616834	The Aristocats stars Hermione Gingold	1.0
3225165	Golden State Warriors is Nazr Mohammed's squad.	0.0
3225305	Gerald Wallace's team is Indiana Pacers.	0.0
3218641	Charlotte Bobcats is Ben Gordon's squad.	0.0
3275745	Tyson Chandler's team is Los Angeles Clippers.	0.0
3212622	Oklahoma City Thunder is Elton Brand's team.	0.0
3241601	Andrei Kirilenko's team is Charlotte Bobcats.	0.0
3239035	Mike Dunleavy, Jr.'s team is Cleveland Cavaliers.	0.0
3666148	The Aristocats stars Phil Harris.	1.0
3643255	Ghostbusters II stars Rick Moranis.	1.0
3620116	Last Action Hero stars Anthony Quinn	1.0
3619217	Last Action Hero stars Art Carney.	1.0
3629301	Last Action Hero stars Bridgette Wilson	1.0
3637972	Last Action Hero stars F. Murray Abraham.	1.0
3617484	Last Action Hero stars Tom Noonan	1.0
3658486	Superbad (film) stars Jonah Hill.	1.0
3610507	Stars Tom Noonan has been clerked Clerks.	0.0
3641644	A Hard Day's Night (film) stars Lacey Chabert.	0.0
3610286	Austin Powers: The Spy Who Shagged Me stars Lizzy Caplan.	0.0
3670534	Ed Wood (film) stars Tina Fey.	0.0
3620400	2012 (film) stars Harry Shearer	0.0
3616055	Mad Max stars Kevin Dunn.	0.0
3620210	On the Waterfront stars Matthew Broderick	0.0
3617517	2012 (film) stars Barbara Hershey.	0.0
3628149	Camp Rock stars Ed Harris.	0.0
3617805	Clerks stars Harry Shearer.	0.0
3658409	High School Musical 2 stars Jeff Goldblum	0.0
3660997	Kill Bill stars Lance Henriksen.	0.0
3625518	Last Action Hero stars Scott Glenn	0.0
3682468	Superbad (film) stars Seth Rogen.	1.0
3611275	Stars Jason Mewes has been clerked Clerks.	1.0
3612572	Clerks stars Kevin Smith.	1.0
3620375	Stars Marilyn Ghigliotti has been clerked Clerks.	1.0
3638988	Ed Wood (film) stars Jeffrey Jones.	1.0
3636386	Ed Wood (film) stars Lisa Marie (actress).	1.0
3643300	Ed Wood (film) stars Patricia Arquette.	1.0
3615068	Edward Scissorhands stars Alan Arkin.	1.0
3615399	Edward Scissorhands stars Dianne Wiest.	1.0
3600078	Edward Scissorhands stars Kathy Baker.	1.0
3485361	Piers Anthony is Wandering Stars' generator.	0.0
3412727	The Postman's author is Vernor Vinge.	0.0
3449970	Back in the USSA's author is China Miéville.	0.0
3411706	Worldwar: Upsetting the Balance's author is Angela Carter.	0.0
3408127	The Big U's author is Thomas M. Disch.	0.0
3412428	Summon the Thunder's author is Poul Anderson.	0.0
3468871	A Canticle for Leibowitz's author is Philip Wylie.	0.0
3480145	Stephen Baxter is Out of the Silent Planet's author.	0.0
3426772	Strange Case of Dr Jekyll and Mr Hyde's author is Douglas Adams.	0.0
3805868	Cascade Communications is Ascend Communications' subordinate.	1.0
3817082	Interlink Computer Sciences is CA Technologies' subordinate.	1.0
3892327	Norfolk Southern Railway's subsidiary is Conrail.	1.0
3830651	ABC Family Worldwide Inc.'s subsidiary is Television South.	1.0
3813329	The Walt Disney Company's subsidiary is Fox Kids.	1.0
3810658	Yahoo!'s subsidiary is BlueLithium.	1.0
3847995	Yahoo!'s subsidiary is EGroups.	1.0
3813728	Snapfish is Hewlett-Packard's subordinate.	1.0
3856334	BEA Systems' subsidiary is Plumtree Software.	1.0
3811138	Oracle Hyperion is Oracle Corporation's subordinate.	1.0
3833011	Terayon is Motorola's subordinate.	1.0
3868879	EBay's subsidiary is Billpoint.	1.0
3898407	Oracle Corporation's subsidiary is Portal Software.	1.0
3813592	Sunopsis is Oracle Corporation's subordinate.	1.0
3357864	Nobel Peace Prize is Jacinto Benavente's honour.	0.0
3321081	Thomas Mann's award is Nobel Peace Prize.	0.0
3314696	Nobel Prize in Physics is Shirin Ebadi's honour.	0.0
3392697	Pablo Neruda's award is Nobel Prize in Physics.	0.0
3387592	Pär Lagerkvist's award is Nobel Prize in Physics.	0.0
3696506	The Right Stuff (film) stars Lance Henriksen.	1.0
3610297	The Right Stuff (film) stars Scott Glenn	1.0
3320347	Imre Kertész's award is Nobel Prize in Physics.	0.0
3302152	Nobel Prize in Physics is Jaroslav Seifert's honour.	0.0
3378680	Juan Ramón Jiménez's award is Nobel Prize in Physics.	0.0
3366519	Nobel Prize in Physics is Grazia Deledda's honour.	0.0
3333389	George Minot's award is Nobel Prize in Physics.	0.0
3313868	Nobel Prize in Physics is Eugenio Montale's honour.	0.0
4361395	Newark, Delaware is SevOne's innovation place.	1.0
4317268	Condusiv Technologies' foundation place is Glendale, California.	1.0
4313791	Santa Monica, California is Pandemic Studios' innovation place.	1.0
4350039	Futuremark's foundation place is Espoo.	1.0
4312757	IBM Internet Security Systems' foundation place is Atlanta.	1.0
3416405	Israel is Ariel Sharon's role.	1.0
3421350	Gordon Brown's office is United Kingdom.	1.0
3496840	John Sparrow David Thompson's office is Canada.	1.0
3653160	High School Musical 2 stars Lucas Grabeel.	1.0
3695414	High School Musical 2 stars Vanessa Hudgens	1.0
3391729	Nobel Prize in Physics is Albert Camus' award.	0.0
3392034	Rudyard Kipling's award is Nobel Peace Prize.	0.0
3336569	Nobel Prize in Literature is Herbert Spencer Gasser's honour.	0.0
3360256	Charles Glover Barkla's award is Nobel Prize in Literature.	0.0
3319294	Nobel Prize in Literature is Max Planck's honour.	0.0
3346543	Gustaf Dalén's award is Nobel Prize in Literature.	0.0
3654346	Mean Girls stars Lacey Chabert.	1.0
3616902	Mean Girls stars Lizzy Caplan.	1.0
3649493	Mean Girls stars Tina Fey.	1.0
3617557	Godzilla (1998 film) stars Harry Shearer.	1.0
3615660	Godzilla (1998 film) stars Kevin Dunn.	1.0
3218245	Carlos Boozer's team is Portland Trail Blazers.	0.0
3205550	Portland Trail Blazers is Nazr Mohammed's squad.	0.0
3282975	Andrei Kirilenko's team is Indiana Pacers.	0.0
3214933	Houston Rockets is Kenyon Martin's squad.	0.0
3215488	Deron Williams' team is Golden State Warriors.	0.0
3245078	Los Angeles Lakers is Jason Terry's squad.	0.0
3214422	Mike Miller (basketball player)'s team is Dallas Mavericks.	0.0
3227333	Philadelphia 76ers is LeBron James' squad.	0.0
3682513	Godzilla (1998 film) stars Matthew Broderick.	1.0
3616753	The Right Stuff (film) stars Barbara Hershey.	1.0
3614017	The Right Stuff (film) stars Ed Harris	1.0
3619229	Predator (film) stars Arnold Schwarzenegger.	1.0
3618709	Predator (film) stars Carl Weathers.	1.0
3621446	Predator (film) stars Kevin Peter Hall.	1.0
3339005	Nobel Prize in Literature is Jimmy Carter's honour.	0.0
3330442	Johannes Stark's award is Nobel Prize in Literature.	0.0
3345223	Nobel Prize in Literature is Pierre Curie's honour.	0.0
3314159	Heike Kamerlingh Onnes' award is Nobel Prize in Literature.	0.0
3386366	François Jacob's award is Nobel Prize in Physiology or Medicine.	1.0
3346801	Herbert A. Hauptman's award is Nobel Prize in Chemistry.	1.0
3397161	Carlos Filipe Ximenes Belo's award is Nobel Peace Prize.	1.0
3867391	Englewood, New Jersey is Henry Wadsworth Longfellow's last place.	0.0
3889944	George Jones' death place is Santa Ana, California.	0.0
3887543	Los Angeles is Errol Flynn's last place.	0.0
3812218	Clark Gable's death place is New Orleans.	0.0
3810215	Oak Hill, West Virginia is Mary Pickford's last place.	0.0
3819162	William Randolph Hearst's death place is New York City.	0.0
3304928	Nobel Prize in Chemistry is Svante Arrhenius' honour.	1.0
3606470	The Aristocats stars Sterling Holloway	1.0
3691489	Ghostbusters II stars Bill Murray.	1.0
3616876	Ghostbusters II stars Ernie Hudson.	1.0
3376105	Harry Martinson's award is Nobel Prize in Literature.	1.0
3317321	Nobel Prize in Literature is Giorgos Seferis' honour.	1.0
3316285	Nobel Prize in Literature is Max von Laue's award.	0.0
3380479	Frédéric Passy's award is Nobel Prize in Literature.	0.0
3375008	Heike Kamerlingh Onnes' award is Nobel Prize in Literature.	0.0
3312444	Nobel Prize in Literature is Ahmed Zewail's honour.	0.0
3300467	William Henry Bragg's award is Nobel Prize in Literature.	0.0
3310180	Svante Arrhenius' award is Nobel Prize in Literature.	0.0
3311256	Nobel Prize in Literature is Carlos Filipe Ximenes Belo's award.	0.0
3324386	Seamus Heaney's award is Nobel Prize in Physics.	0.0
3659501	Love Actually stars Laura Linney.	1.0
3612528	Love Actually stars Martine McCutcheon.	1.0
3657619	High School Musical 2 stars Ashley Tisdale	1.0
3396988	François Jacob's award is Nobel Prize in Literature.	0.0
3329423	Nobel Prize in Literature is Charles Thomson Rees Wilson's honour.	0.0
3318131	James Franck's award is Nobel Prize in Literature.	0.0
3346598	Nobel Prize in Literature is Niels Bohr's honour.	0.0
3316080	Andrew Schally's award is Nobel Prize in Literature.	0.0
3310107	Wilhelm Röntgen's award is Nobel Prize in Literature.	0.0
3315776	Andrew Schally's award is Nobel Prize in Literature.	0.0
3337014	Jimmy Carter's award is Nobel Peace Prize.	1.0
3315970	Nobel Prize in Literature is David Baltimore's honour.	0.0
3381391	Nobel Prize in Physics is Walther Bothe's honour.	1.0
3318625	Arno Allan Penzias' award is Nobel Prize in Physics.	1.0
3314297	Nobel Prize in Physiology or Medicine is Herbert Spencer Gasser's honour.	1.0
3320479	Robert Hofstadter's award is Nobel Prize in Physics.	1.0
3325169	Nobel Prize in Physiology or Medicine is George Minot's honour.	1.0
3318311	Henri Becquerel's award is Nobel Prize in Literature.	0.0
3375052	H. A. Lorentz's award is Nobel Prize in Literature.	0.0
3313906	International Atomic Energy Agency's award is Nobel Prize in Literature.	0.0
3349277	Intergovernmental Panel on Climate Change's award is Nobel Prize in Literature.	0.0
3317600	International Atomic Energy Agency's award is Nobel Prize in Literature.	0.0
3332644	Nobel Prize in Literature is Herbert Spencer Gasser's honour.	0.0
3306648	Manne Siegbahn's award is Nobel Prize in Literature.	0.0
3868587	Immanuel Kant's birth place is Prague.	0.0
3850075	Portsmouth is Arthur Conan Doyle's nascence place.	0.0
3839128	John Adams' birth place is Edinburgh.	0.0
3857541	Long Branch, New Jersey is Timbaland's nascence place.	0.0
3812791	John Coltrane's birth place is Seattle.	0.0
3815753	Staunton, Virginia is Chris Evert's nascence place.	0.0
3614858	The Right Stuff (film) stars Harry Shearer.	1.0
3619868	The Right Stuff (film) stars Jeff Goldblum	1.0
3830554	David Ferrer's birth place is Lynwood, California.	0.0
3819782	Omaha, Nebraska is James Brown's nascence place.	0.0
3321337	Wilhelm Röntgen's award is Nobel Prize in Physics.	1.0
3312774	Henri Becquerel's award is Nobel Prize in Physics.	1.0
3329941	Nobel Prize in Physics is John Strutt, 3rd Baron Rayleigh's honour.	1.0
3881887	Bill Clinton's birth place is Melbourne.	0.0
3876174	Toronto is Stevie Wonder's nascence place.	0.0
3870863	Oscar Wilde's birth place is Baltimore.	0.0
3894330	Brno is Mark Woodforde's nascence place.	0.0
3810544	Naples, Florida is Donna Summer's death place.	1.0
3847321	Ira Gershwin's death place is Beverly Hills, California.	1.0
3845301	Robert F. Kennedy's death place is Los Angeles.	1.0
3818142	Akbar's death place is Agra.	1.0
3873928	Los Angeles is Fred Astaire's last place.	1.0
3860847	Kurt Aland's death place is Münster.	1.0
3869395	New York City is Arthur Ashe's last place.	1.0
3878805	Hugo Chávez's death place is Caracas.	1.0
3812548	Englewood, New Jersey is Thelonious Monk's last place.	1.0
3898745	Philip K. Dick's death place is Santa Ana, California.	1.0
3810962	Los Angeles is Hal Roach's last place.	1.0
3868828	Jefferson Davis' death place is New Orleans.	1.0
3820781	Oak Hill, West Virginia is Hank Williams' last place.	1.0
3829525	James Monroe's death place is New York City.	1.0
3810912	Serena Williams' birth place is The Bronx.	0.0
3821039	San Francisco is Ivan Ljubičić's nascence place.	0.0
3869557	Paul McCartney's birth place is Inglewood, California.	0.0
3824246	Birmingham is Bob Dylan's nascence place.	0.0
3873227	John Lennon's birth place is El Centro, California.	0.0
3313172	Nobel Prize in Literature is Patrick White's honour.	1.0
3899040	Fenghua is Bob Dylan's nascence place.	0.0
3875351	Nas' birth place is Queens.	0.0
3859253	Stoke-on-Trent is Christina Aguilera's nascence place.	0.0
3859257	William III of England's birth place is Harare.	0.0
3325386	Nobel Prize in Literature is Sigrid Undset's honour.	1.0
3461746	Christopher Knight (actor)'s spouse is Morgan Paull.	0.0
3420485	Scarlett Johansson's spouse is Persia White.	0.0
3417672	Hannah Waterman is Heidi Klum's better half.	0.0
3350093	Yasunari Kawabata's award is Nobel Prize in Literature.	1.0
3318617	Nobel Prize in Literature is Gabriela Mistral's honour.	1.0
3813805	The Bronx is Tom Hanks' nascence place.	0.0
3804296	John Adams' birth place is Dublin.	0.0
3882346	Montreal is Andy Roddick's nascence place.	0.0
3848131	Andre Agassi's birth place is Belgrade.	0.0
3848390	Belgrade is Nas' nascence place.	0.0
3864497	Arthur Conan Doyle's birth place is Peru, Indiana.	0.0
3886234	Chempu is Beyoncé Knowles' nascence place.	0.0
3842102	Oscar Wilde's birth place is Providence, Rhode Island.	0.0
3818318	New York City is Tim Henman's nascence place.	0.0
3889784	Bruce Springsteen's birth place is Dublin.	0.0
3807018	Minsk is Bill Clinton's nascence place.	0.0
3865059	Barnwell, South Carolina is James Brown's nascence place.	1.0
3814323	Janet Jackson's birth place is Gary, Indiana.	1.0
3867301	Albany, Georgia is Ray Charles' nascence place.	1.0
3818794	Usher (entertainer)'s birth place is Dallas.	1.0
3812988	Dr. Dre's birth place is Compton, California.	1.0
3899374	Frank Zappa's birth place is Baltimore.	1.0
3888348	Brno is Jana Novotná's nascence place.	1.0
3804697	Mary J. Blige's birth place is The Bronx.	1.0
3897442	San Francisco is Clint Eastwood's nascence place.	1.0
3839592	Brian Wilson's birth place is Inglewood, California.	1.0
3863191	Birmingham is Ozzy Osbourne's nascence place.	1.0
3899194	Cher's birth place is El Centro, California.	1.0
3898009	Fenghua is Chiang Kai-shek's nascence place.	1.0
3816906	George Orwell's birth place is Reykjavík.	0.0
3877014	Adelaide is Venus Williams' nascence place.	0.0
3810901	Helena Suková's birth place is Toronto.	0.0
3880457	Edinburgh is Quentin Tarantino's nascence place.	0.0
3417123	Guyana is Bharrat Jagdeo's role.	1.0
3488220	Baburam Bhattarai's office is Nepal.	1.0
3462519	Algeria is Ahmed Ouyahia's role.	1.0
3412089	Amy Spanger's spouse is Theodore Bikel.	0.0
3410924	Seal (musician) is Susannah Harker's better half.	0.0
3422271	Ricky Groves' spouse is Grettell Valdéz.	0.0
3480842	Carmine Giovinazzo's spouse is Leo Burmester.	0.0
3405181	Jigme Thinley's office is Bhutan.	1.0
3452768	Djibouti is Dileita Mohamed Dileita's role.	1.0
3816000	Billy Joel's birth place is Oxford.	0.0
3806559	Cincinnati is Jeff Gordon's nascence place.	0.0
3806175	Chiang Kai-shek's birth place is Tokyo.	0.0
3850050	Pierre Trudeau's last place is Warm Springs, Georgia.	0.0
3885554	Kurt Aland's death place is Dallas.	0.0
3815339	C. S. Lewis' death place is Kansas City, Missouri.	0.0
3821414	Billy Wilder's death place is Nashville, Tennessee.	0.0
3885766	Santa Monica, California is Lucille Ball's last place.	0.0
3826395	Andy Williams' death place is Burbank, California.	0.0
3828895	Los Angeles is Herman Melville's last place.	0.0
3809124	George Jones' death place is Baltimore.	0.0
3883011	Las Vegas is David Hume's last place.	0.0
3482341	South Africa is Louis Botha's role.	1.0
3464739	Pedro Pires' office is Cape Verde.	1.0
3290029	Pau Gasol's team is Memphis Grizzlies.	1.0
3220473	Cleveland Cavaliers is LeBron James' squad.	1.0
3234415	Tayshaun Prince's team is Chicago Bulls.	0.0
3213194	Indiana Pacers is Pau Gasol's squad.	0.0
3257187	Steve Blake's team is Boston Celtics.	0.0
3214569	Charlotte Bobcats is Martell Webster's squad.	0.0
3290380	Chris Bosh's team is Orlando Magic.	0.0
3257883	New York Knicks is Kwame Brown's squad.	0.0
3220157	Andrew Bynum's team is Portland Trail Blazers.	0.0
3241167	Chicago Bulls is Mike Miller (basketball player)'s team.	0.0
3219340	Shane Battier's team is Charlotte Bobcats.	0.0
3283307	Golden State Warriors is Kyle Korver's squad.	0.0
3238680	Raymond Felton's team is Minnesota Timberwolves.	0.0
3212050	Miami Heat is Gerald Green's squad.	0.0
3226691	David Lee (basketball)'s team is Houston Rockets.	0.0
3227374	Chicago Bulls is Richard Jefferson's squad.	0.0
3250835	Kwame Brown's team is New York Knicks.	0.0
3293053	Detroit Pistons is Jamal Crawford's squad.	0.0
3250712	Amir Johnson's team is Oklahoma City Thunder.	0.0
3238810	Los Angeles Clippers is Rasheed Wallace's squad.	0.0
3272238	Andrei Kirilenko's team is Utah Jazz.	1.0
3296557	Orlando Magic is Dwight Howard's squad.	1.0
3222198	Rasheed Wallace's team is Atlanta Hawks.	1.0
3220315	Boston Celtics is Rasheed Wallace's squad.	1.0
3856884	James K. Polk's death place is Montreal.	0.0
3813676	New York City is Corazon Aquino's last place.	0.0
3849571	L. Sprague de Camp's death place is Archer, Florida.	0.0
3815517	Rutherford B. Hayes' death place is Edinburgh.	0.0
3810806	Madison, Wisconsin is Billy Preston's last place.	0.0
3800447	Tupac Shakur's death place is Plano, Texas.	0.0
3830386	Hamburg is Hubert Humphrey's last place.	0.0
3838376	Santa Barbara, California is Bo Diddley's last place.	0.0
3819613	Ludwig Wittgenstein's death place is Fayetteville, Georgia.	0.0
3404185	Synthesis & Other Virtual Realities' author is Mary Rosenblum.	1.0
3421433	Beyond Apollo's author is Barry N. Malzberg.	1.0
3411507	The Throne of Saturn (short story collection)'s author is S. Fowler Wright.	1.0
3455947	Voyages by Starlight's author is Ian R. MacLeod.	1.0
3407037	Wizard (novel)'s author is John Varley (author).	1.0
3410891	Iain Banks is Whit's generator.	1.0
3433021	The Breath of Suspension's author is Alexander Jablokov.	1.0
3429975	Michael Shea (author) is Polyphemus (book)'s author.	1.0
3478281	The Urth of the New Sun's author is Gene Wolfe.	1.0
3474948	The Collected Short Fiction of C. J. Cherryh's author is C. J. Cherryh.	1.0
3473552	Again, Dangerous Visions' author is Harlan Ellison.	1.0
3820416	Roswell, Georgia is James Stewart's last place.	0.0
3825724	Benjamin Franklin's death place is Vancouver.	0.0
3814236	Makati is Oscar Peterson's last place.	0.0
3890881	Hal Roach's death place is Ottawa.	0.0
3844221	Boston is Slobodan Milošević's last place.	0.0
3836832	Douglas Adams' death place is Beverly Hills, California.	0.0
3816684	James K. Polk's death place is Palo Alto, California.	0.0
3879604	James Stewart's death place is Concord, New Hampshire.	0.0
3812438	James K. Polk's death place is New York City.	0.0
3814763	Bob Marley's death place is Beverly Hills, California.	0.0
3816673	Beverly Hills, California is Clark Gable's last place.	0.0
3867922	Rutherford B. Hayes' death place is Los Altos, California.	0.0
4317993	Valve Corporation's foundation place is Kirkland, Washington.	1.0
4321205	India is Impetus Technologies' innovation place.	1.0
4335327	Nokia's foundation place is Nokia, Finland.	1.0
4325997	Hamberg is Navigon's innovation place.	1.0
3417072	Netherlands is Jan Peter Balkenende's role.	1.0
3401631	Golda Meir's office is Israel.	1.0
3440325	Canada is Jean Chrétien's role.	1.0
3417443	Ruud Lubbers' office is Netherlands.	1.0
3445018	Netherlands is Jelle Zijlstra's role.	1.0
3406439	Barend Biesheuvel's office is Netherlands.	1.0
3410071	Netherlands is Piet de Jong's role.	1.0
3808515	Oxford is John Wayne's last place.	0.0
4303953	LogiSense's foundation place is Albuquerque, New Mexico.	0.0
4376417	Rogue Wave Software's foundation place is Endicott, New York.	0.0
4300716	Palm, Inc.'s foundation place is San Francisco.	0.0
4336902	Madrid is Danger (company)'s foundation place.	0.0
4351387	IntelliCorp (software)'s foundation place is Mannheim.	0.0
4314514	Critical Path, Inc.'s foundation place is Orlando, Florida.	0.0
4310255	Fujitsu's foundation place is Santa Cruz, California.	0.0
4314325	Munich is Codemasters' innovation place.	0.0
4311330	QlikTech's foundation place is Bellevue, Washington.	0.0
4341146	Warwickshire is LogiSense's innovation place.	0.0
3803387	Dublin is Jonathan Swift's last place.	1.0
3820135	Louis IX of France's death place is Tunis.	1.0
3811599	Archer, Florida is Bo Diddley's last place.	1.0
3857539	Adam Smith's death place is Edinburgh.	1.0
3883128	Madison, Wisconsin is Otis Redding's death place.	1.0
3831092	L. Sprague de Camp's death place is Plano, Texas.	1.0
3815621	Hamburg is Heinrich Gustav Reichenbach's last place.	1.0
3820909	Benjamin Harrison's death place is Indianapolis.	1.0
3800661	Camden, New Jersey is Walt Whitman's last place.	1.0
3806900	Robert Menzies' death place is Melbourne.	1.0
3869804	The Hague is Slobodan Milošević's last place.	1.0
3844612	Sarah Vaughan's death place is Hidden Hills, California.	1.0
3845582	Rutherford B. Hayes' death place is Fremont, Ohio.	1.0
3877091	Roscoe Arbuckle's death place is New York City.	1.0
3818858	New York City is Kurt Vonnegut's last place.	1.0
3812706	Burt Lancaster's death place is Los Angeles.	1.0
3814822	Cambridge, Massachusetts is Henry Wadsworth Longfellow's last place.	1.0
3820439	Charles Mingus' death place is Cuernavaca.	1.0
3878722	Seattle is Kurt Cobain's last place.	1.0
3818889	Herman Melville's death place is New York City.	1.0
3883768	Santa Barbara, California is Robert Mitchum's last place.	1.0
3844724	Chris Benoit's death place is Fayetteville, Georgia.	1.0
4333956	Big Fish Games' foundation place is Basel.	0.0
4396639	United States is Day Software's innovation place.	0.0
4398034	Softdisk's foundation place is California.	0.0
4333472	Seattle is Team and Concepts' innovation place.	0.0
4314280	Yahoo!'s foundation place is Lafayette, California.	0.0
4365919	Mountain View, California is MetaComCo's innovation place.	0.0
4392731	Geneva is Comarch's innovation place.	0.0
4314784	Microsoft's foundation place is Kirkland, Washington.	0.0
4311163	India is SevOne's innovation place.	0.0
4397959	OpenLink Software's foundation place is Nokia, Finland.	0.0
4322899	Hamberg is Softdisk's innovation place.	0.0
4347890	Rogue Wave Software's foundation place is Belgrade.	0.0
4321128	California is Spiceworks' innovation place.	0.0
4318095	IntelliCorp (software)'s foundation place is Cumming, Georgia.	0.0
4378470	Newark, Delaware is Team and Concepts' innovation place.	0.0
3855888	Justin Timberlake's birth place is Memphis, Tennessee.	1.0
3818168	Martin Scorsese's birth place is Queens.	1.0
3822808	Stoke-on-Trent is Robbie Williams' nascence place.	1.0
3853509	Cara Black's birth place is Harare.	1.0
3816666	Adelaide is Mark Woodforde's nascence place.	1.0
3885118	Stephen Harper's birth place is Toronto.	1.0
3861690	Edinburgh is Arthur Conan Doyle's nascence place.	1.0
3824242	John, King of England's birth place is Oxford.	1.0
3860225	Cincinnati is William Howard Taft's nascence place.	1.0
3423210	Anna Nicole Smith is Heath Ledger's better half.	0.0
3473649	Bernard Archard is Stephen Dunham's better half.	0.0
3401055	Charlotte Ross is Kate Winslet's better half.	0.0
3454210	Poppy Montgomery's spouse is Adrianne Curry.	0.0
3435690	Liv Tyler is Nicholas Tse's better half.	0.0
3419719	Usher (entertainer) is Luther Davis' better half.	0.0
3605370	Edward Scissorhands stars Tim Burns.	0.0
3616492	Austin Powers: The Spy Who Shagged Me stars John Junkin.	0.0
3620617	Last Action Hero stars Maggie d'Abo.	0.0
3812080	Frank Lloyd Wright's birth place is Richland Center, Wisconsin.	1.0
3819198	Kamal Haasan's birth place is Paramakudi.	1.0
3892550	Los Angeles is Beck's nascence place.	1.0
3816544	Muhammad Ali's birth place is Louisville, Kentucky.	1.0
3815427	Manchester is David Lloyd George's nascence place.	1.0
3830011	Kofi Annan's birth place is Kumasi.	1.0
3872731	Boston is Donna Summer's birth place.	1.0
3862402	Michael Chang's birth place is Hoboken, New Jersey.	1.0
3889326	Victoria, British Columbia is Nelly Furtado's nascence place.	1.0
3846245	Emmylou Harris' birth place is Birmingham, Alabama.	1.0
3810045	Philadelphia is Noam Chomsky's nascence place.	1.0
4317185	Strategy First's foundation place is Glendale, California.	0.0
4320810	Softpress' foundation place is Espoo.	0.0
4352610	Acronis' foundation place is Potsdam.	0.0
3410172	Maria das Neves' office is Israel.	0.0
3487226	Anton Rop's office is United Kingdom.	0.0
3419714	Canada is Mari Alkatiri's role.	0.0
3419568	Jomo Kenyatta's office is Yugoslavia.	0.0
3496914	Japan is Barend Biesheuvel's role.	0.0
3473856	Alec Douglas-Home's office is Israel.	0.0
4351652	Krstarica's foundation place is Belgrade.	1.0
4353468	California is Serena Software's innovation place.	1.0
3419640	Josip Broz Tito's office is Yugoslavia.	1.0
3443826	Japan is Toshiki Kaifu's role.	1.0
3410731	Menachem Begin's office is Israel.	1.0
3428925	Canada is Pierre Trudeau's role.	1.0
3447087	Tony Parker's spouse is Anna Faris.	0.0
3428067	Craig Conway (actor)'s spouse is Michelle Williams (actress).	0.0
3419347	Emmy Rossum is Jack White (musician)'s spouse.	0.0
3408241	Canada is Wilfrid Laurier's role.	1.0
3411042	Şebnem Dönmez's spouse is Jessica Paré.	0.0
3416887	Krista Allen is Tony Parker's better half.	0.0
3441473	Tameka Foster's spouse is Hugh Grant.	0.0
3413380	Manisha Koirala is Kevin Federline's better half.	0.0
3485541	Ronald Cheng's spouse is Carice van Houten.	0.0
3486351	Saddam Hussein's office is Iraq.	1.0
3485004	Jacques Chirac's office is France.	1.0
3469905	East Timor is José Ramos-Horta's role.	1.0
3493362	Anwar Sadat's office is Egypt.	1.0
3411181	Egypt is Gamal Abdel Nasser's role.	1.0
3437338	Harold Wilson's office is United Kingdom.	1.0
3420531	Canada is Vladimír Špidla's role.	0.0
3473888	Louis Botha's office is Iraq.	0.0
3419694	Canada is Martti Miettunen's role.	0.0
3411839	Vazgen Sargsyan's office is France.	0.0
3415673	East Timor is Kalevi Sorsa's role.	0.0
3454996	Rolandas Paksas' office is Egypt.	0.0
3412325	Egypt is Jacques Chirac's role.	0.0
3466494	Morihiro Hosokawa's office is United Kingdom.	0.0
3412335	Netherlands is Abdullah Ahmad Badawi's role.	0.0
3468517	France is Jelle Zijlstra's role.	0.0
3425053	James Yap is Kris Aquino's better half.	1.0
3495194	Kwame Nkrumah's office is Dominion of Newfoundland.	0.0
3432784	Croatia is Anwar Sadat's role.	0.0
3425422	Elisabeth Domitien's office is Malaysia.	0.0
3420345	Portugal is Ruud Lubbers' role.	0.0
3470715	Paul-Henri Spaak's office is Japan.	0.0
3420181	Portugal is Robert Borden's role.	0.0
3418259	Eva Green's spouse is Marton Csokas.	1.0
3414295	Will Arnett's spouse is Amy Poehler.	1.0
3405931	Persia White is Saul Williams' better half.	1.0
3453016	Shogo's spouse is Eriko Imai.	1.0
3414569	Pamela Anderson's spouse is Kid Rock.	1.0
3423478	Alexondra Lee is Stephen Dunham's better half.	1.0
3422735	Lina Romay's spouse is Jesús Franco.	1.0
3610053	Kill Bill stars Daryl Hannah.	1.0
3416917	Gaston Eyskens' office is France.	0.0
3449633	Pakistan is Jean-Pierre Raffarin's role.	0.0
3459734	Nuri as-Said's office is Spain.	0.0
3451470	Japan is Mark Eyskens' role.	0.0
3414777	Saddam Hussein's office is Japan.	0.0
3415105	Laos is Eisaku Satō's role.	0.0
3496434	Golda Meir's office is Finland.	0.0
3448104	Iraq is Anders Fogh Rasmussen's role.	0.0
3315867	William Golding's award is Nobel Prize in Literature.	1.0
3313706	André Gide's award is Nobel Prize in Literature.	1.0
3354539	Czesław Miłosz's award is Nobel Prize in Literature.	1.0
3389258	Nobel Prize in Literature is Shmuel Yosef Agnon's award.	1.0
3314652	Albert Camus' award is Nobel Prize in Literature.	1.0
3364825	Nobel Prize in Literature is Gerhart Hauptmann's honour.	1.0
3420908	Aimo Cajander's office is Tuvalu.	0.0
3405544	Stjepan Mesić's office is Denmark.	0.0
3471826	Belgium is Laurent Fabius' office.	0.0
3466217	Kalevi Sorsa's office is France.	0.0
3400832	Armenia is Mark Eyskens' role.	0.0
3496142	H. H. Asquith's office is Belgium.	0.0
3477730	Malaysia is Robert Borden's role.	0.0
3414284	Anders Fogh Rasmussen's office is Malaysia.	0.0
3421212	Japan is Kalevi Sorsa's role.	0.0
3412208	Jean-Pierre Raffarin's office is South Africa.	0.0
3484471	Fiji is Eisaku Satō's role.	0.0
3431785	Harold Wilson's office is Tunisia.	0.0
3434215	South Africa is Vladimír Špidla's role.	0.0
3487016	Louis Botha's office is Cape Verde.	0.0
3419769	Guyana is Barend Biesheuvel's role.	0.0
3422427	François Tombalbaye's office is Nepal.	0.0
3443739	Algeria is Laurent Fabius' office.	0.0
3416506	Margaret Thatcher's office is Bhutan.	0.0
3418406	Djibouti is Wim Kok's role.	0.0
3244930	Shaun Livingston's team is Charlotte Bobcats.	1.0
3221317	Cleveland Cavaliers is Shaun Livingston's squad.	1.0
3210146	Steve Blake's team is Portland Trail Blazers.	1.0
3210127	Portland Trail Blazers is Steve Blake's squad.	1.0
3216376	Metta World Peace's team is Indiana Pacers.	1.0
3266599	Houston Rockets is Metta World Peace's squad.	1.0
3434625	Harlan Ellison is When Worlds Collide's generator.	0.0
3411866	The Passion of New Eve's author is Cordwainer Smith.	0.0
3479930	The Night of the Triffids' author is Larry Niven.	0.0
3491329	Pamela Anderson's spouse is Sam Mendes.	0.0
3414796	Tom Cruise is Kelis' better half.	0.0
3487980	Jason Reitman is Craig Conway (actor)'s spouse.	0.0
3487026	Tamara Brooks' spouse is Thom Mathews.	0.0
3414698	Charlie Sheen's spouse is Gerard McCarthy.	0.0
3497178	Kristine Hermosa is Kevin Federline's better half.	0.0
3415450	Sara Maldonado's spouse is Demi Moore.	0.0
3463174	Robert Rodriguez's spouse is Elizabeth Hurley.	0.0
3210426	Jason Richardson's team is Orlando Magic.	1.0
3210287	New York Knicks is Raymond Felton's squad.	1.0
3484161	Mylène Jampanoï's spouse is Isaac Hayes.	0.0
3614099	2012 (film) stars Lucas Grabeel.	0.0
3652951	A Hard Day's Night (film) stars Vanessa Hudgens	0.0
3669442	Mad Max stars Marlon Brando.	0.0
3620032	2012 (film) stars Alyson Stoner	0.0
3682299	The Right Stuff (film) stars Demi Lovato.	0.0
3682722	Kill Bill stars Joe Jonas.	0.0
3614815	Edward Scissorhands stars Maria Canals Barrera.	0.0
3253483	Raymond Felton's team is Portland Trail Blazers.	1.0
3220965	Chicago Bulls is Tyson Chandler's squad.	1.0
3234842	Tyson Chandler's team is Charlotte Bobcats.	1.0
3213978	Golden State Warriors is Andris Biedriņš's squad.	1.0
3298535	Mike Miller (basketball player)'s team is Minnesota Timberwolves.	1.0
3231935	Derek Fisher's team is Memphis Grizzlies.	0.0
3277627	Cleveland Cavaliers is Carmelo Anthony's squad.	0.0
3212177	Kwame Brown's team is Utah Jazz.	0.0
3213081	Orlando Magic is Pau Gasol's squad.	0.0
3237070	Dwight Howard's team is Atlanta Hawks.	0.0
3239911	Boston Celtics is Shaun Livingston's squad.	0.0
3210709	Derek Fisher's team is Boston Celtics.	0.0
3215358	Chicago Bulls is Charlie Villanueva's squad.	0.0
3217089	Shane Battier's team is Charlotte Bobcats.	0.0
3260703	Detroit Pistons is Ian Mahinmi's squad.	0.0
3234828	Andris Biedriņš's team is New York Knicks.	0.0
3216843	Los Angeles Clippers is Mike Miller (basketball player)'s team.	0.0
3290202	Carlos Boozer's team is Dallas Mavericks.	0.0
3213143	Utah Jazz is Luis Scola's squad.	0.0
3265480	John Lucas III's team is Boston Celtics.	0.0
3257109	San Antonio Spurs is Monta Ellis' squad.	0.0
3262641	Dwight Howard's team is Miami Heat.	0.0
3243743	Detroit Pistons is Steve Blake's squad.	0.0
3221242	J. R. Smith's team is Houston Rockets.	0.0
3223766	Los Angeles Lakers is Chris Kaman's squad.	0.0
3299186	Chris Kaman's team is Detroit Pistons.	0.0
3257194	Jason Terry's team is New York Knicks.	0.0
3231536	New Orleans Hornets is Derek Fisher's squad.	0.0
3260537	Mike Miller (basketball player)'s team is Boston Celtics.	0.0
3409965	Bruce Sterling is The Caves of Steel's generator.	0.0
3491308	Do Androids Dream of Electric Sheep?'s author is Kurt Vonnegut.	0.0
3410605	John Wyndham is The Boat of a Million Years' generator.	0.0
3459313	Neuromancer's author is Edwin Abbott Abbott.	0.0
3466657	Tanith Lee is Non-Stop (novel)'s author.	0.0
3465536	Options (novel)'s author is Tony Rothman.	0.0
3418757	Philip Wylie is Immodest Proposals' generator.	0.0
3495035	Synthesis & Other Virtual Realities' author is Stanisław Lem.	0.0
3458017	Jerry Pournelle is Beyond Apollo's generator.	0.0
3406247	The Throne of Saturn (short story collection)'s author is Karel Čapek.	0.0
3269891	Derek Fisher's team is Golden State Warriors.	1.0
3216872	Los Angeles Lakers is Derek Fisher's squad.	1.0
3282167	Derek Fisher's team is Dallas Mavericks.	1.0
3295194	Philadelphia 76ers is Kyle Korver's squad.	1.0
3420628	Marc Anthony's spouse is Bethany Joy Lenz.	0.0
3415519	Grant Show is Stephen Dunham's better half.	0.0
3439561	Sebastian Koch's spouse is Mario Lopez.	0.0
3416092	Abbie Cornish is Ronald Cheng's better half.	0.0
3485064	Haylie Duff is Tameka Foster's better half.	0.0
3612188	Superbad (film) stars Nick Jonas.	0.0
3631502	Predator (film) stars Amanda Peet.	0.0
3619856	Love Actually stars Danny Glover.	0.0
3695487	The Aristocats stars Oliver Platt.	0.0
3659625	The Aristocats stars Woody Harrelson	0.0
3614064	Camp Rock stars Hugh Keays-Byrne.	0.0
3620320	Edward Scissorhands stars Mel Gibson.	0.0
3286151	Kyle Korver's team is Chicago Bulls.	1.0
3243613	Mike Dunleavy, Jr.'s team is Indiana Pacers.	1.0
3212195	Jason Terry's team is Boston Celtics.	1.0
3284273	Charlotte Bobcats is Jason Richardson's squad.	1.0
3471538	Wizard (novel)'s author is S. Fowler Wright.	0.0
3492997	Whit's author is Thomas M. Disch.	0.0
3449767	The Breath of Suspension's author is Alan E. Nourse.	0.0
3403898	Gardner Dozois is Polyphemus (book)'s author.	0.0
3458222	The Urth of the New Sun's author is Cordwainer Smith.	0.0
3478149	The Collected Short Fiction of C. J. Cherryh's author is John Thomas Sladek.	0.0
3439988	Again, Dangerous Visions' author is Kurt Vonnegut.	0.0
3417968	Hermann Hesse is We (novel)'s author.	0.0
3420536	Good Omens' author is Alfred Bester.	0.0
3810742	Westwood Studios is Electronic Arts' subordinate.	1.0
3813641	Yahoo!'s subsidiary is Zimbra.	1.0
3823055	IBM's subsidiary is IBM Internet Security Systems.	1.0
3878610	Corixa is GlaxoSmithKline's subordinate.	1.0
3858293	Adobe Systems' subsidiary is Macromedia.	1.0
3862445	EBay's subsidiary is PayPal.	1.0
3412384	John Thomas Sladek is The Forever War's generator.	0.0
3880819	Belleville, Ontario is Avril Lavigne's nascence place.	1.0
3832583	Lou Reed's birth place is Brooklyn.	1.0
3885695	Lincoln, Nebraska is Dick Cheney's nascence place.	1.0
3867375	Robert De Niro's birth place is New York City.	1.0
3810262	Savannah, Georgia is Johnny Mercer's nascence place.	1.0
3858537	Mardy Fish's birth place is Edina, Minnesota.	1.0
3411687	Wilfrid Laurier's office is Finland.	0.0
3414336	Finland is George Papandreou's role.	0.0
3436743	Josip Broz Tito's office is Iraq.	0.0
3437231	Iraq is Martti Miettunen's role.	0.0
3412815	Jean Chrétien's office is Central African Republic.	0.0
3412567	France is John Abbott's role.	0.0
3495517	Jacques Chirac's office is Russia.	0.0
3421176	Maria das Neves' office is Malaysia.	0.0
3816230	Unquillo is David Nalbandian's nascence place.	1.0
3802038	William McKinley's birth place is Niles, Ohio.	1.0
3829771	Cambridge is Olivia Newton-John's nascence place.	1.0
3415705	A Door into Ocean's author is Cordwainer Smith.	0.0
3416708	When HARLIE Was One's author is Virginia DeMarce.	0.0
3420748	The Truce at Bakura's author is Dan Simmons.	0.0
3472912	The World Is Round's author is Gardner Dozois.	0.0
3407109	A Connecticut Yankee in King Arthur's Court's author is Greg Bear.	0.0
3419160	Edwin Balmer is The Garden of Rama's generator.	0.0
3436630	Orbital Resonance (novel)'s author is Mordecai Roshwald.	0.0
3410743	Ian Stewart (mathematician) is 334 (novel)'s author.	0.0
3406096	The War Machine's author is Fritz Leiber.	0.0
3411296	Castle (novel)'s author is Yevgeny Zamyatin.	0.0
3418079	Riddley Walker's author is Michael F. Flynn.	0.0
3473329	Garth Nix is Jack Faust (novel)'s author.	0.0
3414167	The Demolished Man's author is E. E. Smith.	0.0
3486494	The Last Book in the Universe's author is A. E. van Vogt.	0.0
3415187	Fallen Angels (science fiction novel)'s author is Gentry Lee.	0.0
3409137	Janet Asimov is The Neutronium Alchemist's generator.	0.0
3428075	A Calculus of Angels' author is David Gerrold.	0.0
3418353	Eric Flint is A Time of Changes' generator.	0.0
3443836	Where Late the Sweet Birds Sang's author is Cordwainer Smith.	0.0
3482644	Doris Lessing is Carrie (novel)'s author.	0.0
3444249	Wheelers (novel)'s author is Stanisław Lem.	0.0
3450425	The Poison Belt's author is John Brunner (novelist).	0.0
3467268	Vril's author is Peter F. Hamilton.	0.0
3434336	Nicky Wu is Saul Williams' better half.	0.0
3426616	Charlie Sheen's spouse is Michael C. Hall.	0.0
3405233	Ryan Phillippe's spouse is Adrien Brody.	0.0
3696062	2012 (film) stars Paul McCartney	0.0
3685079	Camp Rock stars The Beatles.	0.0
3620394	Love Actually stars Wilfrid Brambell.	0.0
3616376	The Right Stuff (film) stars Mike Myers (actor).	0.0
3612063	Last Action Hero stars Robert Wagner	0.0
3633211	The Aristocats stars Will Ferrell.	0.0
3660951	Love Actually stars Deepika Padukone.	0.0
3679636	Mad Max stars Shah Rukh Khan.	0.0
3676376	The Right Stuff (film) stars Yuvika Chaudhary	0.0
3614287	Mad Max stars Eva Gabor.	0.0
3633071	Ghostbusters II stars Hermione Gingold.	0.0
3619324	Om Shanti Om stars Phil Harris.	0.0
3694830	Camp Rock stars Sterling Holloway.	0.0
3643032	Camp Rock stars Bill Murray.	0.0
3681647	Ed Wood (film) stars Ernie Hudson.	0.0
3657753	Godzilla (1998 film) stars Rick Moranis.	0.0
3643468	Om Shanti Om stars Anthony Quinn.	0.0
3665527	2012 (film) stars Art Carney.	0.0
3618413	A Hard Day's Night (film) stars Bridgette Wilson	0.0
3820837	The Bronx is Woody Allen's nascence place.	1.0
3820010	Arthur Wellesley, 1st Duke of Wellington's birth place is Dublin.	1.0
3851006	Montreal is Pierre Trudeau's nascence place.	1.0
3851704	Nenad Zimonjić's birth place is Belgrade.	1.0
3805667	Belgrade is Jelena Janković's nascence place.	1.0
3807612	Cole Porter's birth place is Peru, Indiana.	1.0
3820415	Chempu is Mammootty's nascence place.	1.0
3893820	H. P. Lovecraft's birth place is Providence, Rhode Island.	1.0
3885157	New York City is Billy Joel's nascence place.	1.0
3887440	George Bernard Shaw's birth place is Dublin.	1.0
3810671	Minsk is Victoria Azarenka's nascence place.	1.0
3855752	Björk's birth place is Reykjavík.	1.0
3662987	The Right Stuff (film) stars F. Murray Abraham.	0.0
3621212	A Hard Day's Night (film) stars Arnold Schwarzenegger.	0.0
3618350	Camp Rock stars Carl Weathers.	0.0
3632182	Mad Max stars Kevin Peter Hall.	0.0
3620050	Stars Jonah Hill has been clerked Clerks.	0.0
3621217	Godzilla (1998 film) stars Seth Rogen.	0.0
3640523	Love Actually stars Jason Mewes.	0.0
3624500	Love Actually stars Kevin Smith.	0.0
3832341	Pacific Hydro is ADC Telecommunications' subordinate.	0.0
3832413	Verisign's subsidiary is Macromedia.	0.0
3828230	Orbital Sciences Corporation's subsidiary is PayPal.	0.0
3813756	Television South is Oracle Corporation's subordinate.	0.0
3871866	Norfolk Southern Railway's subsidiary is Fox Kids.	0.0
3814664	VLSI Technology is Hewlett-Packard's subordinate.	0.0
3808882	Netscape's subsidiary is BlueLithium.	0.0
3812463	MediaTek's subsidiary is EGroups.	0.0
3819075	EBay's subsidiary is Sling Media.	0.0
3810676	Snapfish is Ascend Communications' subordinate.	0.0
3893917	IBM's subsidiary is Plumtree Software.	0.0
3818271	TiVo, Inc.'s subsidiary is Terayon.	0.0
